"COMMON_POPULATION_NAME","BROOD_YEAR","Q2.5.","Q25.","Q50.","Q75.","Q97.5.","ESU","NUMBER_OF_SPAWNERS"
"Coweeman River - late Coho salmon",2005,1205.46854922333,2990.40225292409,5023.52936871975,8353.12292825937,21511.2010864851,"Lower Columbia coho",NA
"Coweeman River - late Coho salmon",2006,1322.04425055861,2883.68641732367,4569.29171944265,7212.29241842602,16998.4960494095,"Lower Columbia coho",NA
"Coweeman River - late Coho salmon",2007,1470.25946169289,3029.9147875954,4405.33478073423,6459.35460119703,13887.8698566736,"Lower Columbia coho",NA
"Coweeman River - late Coho salmon",2008,1823.0427265707,3408.87991900607,4602.04330818022,6167.62579114915,11726.6292839646,"Lower Columbia coho",NA
"Coweeman River - late Coho salmon",2009,2585.9721892123,4045.35526953343,4979.03526307592,6234.9251604889,10637.1360383739,"Lower Columbia coho",NA
"Coweeman River - late Coho salmon",2010,3708.01634353158,4032.21588869909,4218.81745989045,4490.80015611316,5541.39931480794,"Lower Columbia coho",4031
"Coweeman River - late Coho salmon",2011,2792.48443597032,3307.45685252985,3527.5304799231,3703.55296741707,4011.86190863086,"Lower Columbia coho",3738
"Coweeman River - late Coho salmon",2012,2945.16433389492,3404.37666046096,3570.72784851215,3718.53223274723,4048.54152725136,"Lower Columbia coho",3659
"Coweeman River - late Coho salmon",2013,3355.88290500132,3823.06741857171,3994.16535589939,4146.38449653077,4540.02422052695,"Lower Columbia coho",4068
"Coweeman River - late Coho salmon",2014,7420.22949398569,8001.89186505345,8446.57719562503,9093.92074023805,11073.7390429989,"Lower Columbia coho",7871
"Coweeman River - late Coho salmon",2015,1235.27055721127,1349.98039922668,1410.01172141921,1475.62014677016,1681.23089400577,"Lower Columbia coho",1366
"Coweeman River - late Coho salmon",2016,2669.99874051425,3023.67766516561,3180.80945931616,3306.81824831394,3590.26025813379,"Lower Columbia coho",3312
"Coweeman River - late Coho salmon",2017,2341.79105372795,2584.65800900395,2689.42219615496,2801.16634082913,3119.19888336361,"Lower Columbia coho",2661
"Coweeman River - late Coho salmon",2018,2288.68754269962,2593.36093195816,2713.48044353107,2827.50554065022,3058.71005527996,"Lower Columbia coho",2817
"Coweeman River - late Coho salmon",2019,3280.25539150718,3570.02579081073,3711.32248472674,3889.56195488787,4395.21979974509,"Lower Columbia coho",3566
"Coweeman River - late Coho salmon",2020,4017.71048087265,4415.0601673903,4584.74847656787,4752.24244094944,5206.93169926371,"Lower Columbia coho",4593
"Coweeman River - late Coho salmon",2021,4241.43305643267,4640.11554471539,4807.2422867367,4984.41394541114,5465.49081362058,"Lower Columbia coho",4792
"Coweeman River - late Coho salmon",2022,3870.49220699549,4248.52007965732,4408.61431547207,4585.37473447361,5070.0916316442,"Lower Columbia coho",4377
"Coweeman River - late Coho salmon",2023,2829.08101593592,3248.90150884838,3394.30431790764,3545.65641911936,3970.3159839822,"Lower Columbia coho",3433
"Coweeman River - late Coho salmon",2024,2339.80154008615,3034.73165797986,3431.12817078095,3869.98271026936,5066.80725639734,"Lower Columbia coho",NA
"Coweeman River - late Coho salmon",2025,2035.52788019855,2921.8704568699,3472.86859832848,4142.01247186233,6054.74088671785,"Lower Columbia coho",NA
"East Fork Lewis River - early and late Coho salmon",2005,166.42030975639,720.305929462072,1374.77037850843,2697.43381607832,11708.2102875529,"Lower Columbia coho",NA
"East Fork Lewis River - early and late Coho salmon",2006,198.859917481462,715.541492425382,1235.65604976871,2266.54256407457,8085.35793853184,"Lower Columbia coho",NA
"East Fork Lewis River - early and late Coho salmon",2007,274.380005080322,786.029998770665,1265.95259785932,2124.28570664809,6159.3393175438,"Lower Columbia coho",NA
"East Fork Lewis River - early and late Coho salmon",2008,387.113832862052,920.409419850105,1362.60239522157,2083.87691675401,4949.14024349712,"Lower Columbia coho",NA
"East Fork Lewis River - early and late Coho salmon",2009,641.314903865194,1188.41155235482,1603.22219218126,2176.49014842381,3982.86424563296,"Lower Columbia coho",NA
"East Fork Lewis River - early and late Coho salmon",2010,1152.67326235189,1334.31121511642,1398.39442716268,1473.33363228571,1793.36577944369,"Lower Columbia coho",1385
"East Fork Lewis River - early and late Coho salmon",2011,1194.11436613341,1335.98464117649,1400.68436846916,1477.92979593992,1896.80126061735,"Lower Columbia coho",1365
"East Fork Lewis River - early and late Coho salmon",2012,1357.48109952661,2124.3508769717,2892.54881547031,3207.78050315491,3581.28097202215,"Lower Columbia coho",3327
"East Fork Lewis River - early and late Coho salmon",2013,2209.69790101654,2708.7897550556,2843.32462545937,2981.34220117154,3460.00586648705,"Lower Columbia coho",2863
"East Fork Lewis River - early and late Coho salmon",2014,3855.649959441,4467.97461329537,4656.31473502088,4865.28121413122,5682.77904768174,"Lower Columbia coho",4646
"East Fork Lewis River - early and late Coho salmon",2015,477.286633490924,537.986468954345,567.29337155855,604.993889190515,729.240252995937,"Lower Columbia coho",551
"East Fork Lewis River - early and late Coho salmon",2016,1079.34696990232,1203.29775523071,1261.5212412234,1329.63553210258,1600.58149549248,"Lower Columbia coho",1238
"East Fork Lewis River - early and late Coho salmon",2017,1222.64743934143,1470.49865322972,1553.92054589719,1629.40510291398,1854.59110456881,"Lower Columbia coho",1577
"East Fork Lewis River - early and late Coho salmon",2018,1268.15163781481,1531.09599048489,1611.67817782904,1686.50487291254,1882.49387221162,"Lower Columbia coho",1641
"East Fork Lewis River - early and late Coho salmon",2019,1877.96394865839,2154.43462679025,2251.83017625128,2357.31342347887,2695.45798480709,"Lower Columbia coho",2253
"East Fork Lewis River - early and late Coho salmon",2020,1985.07274044258,2188.58596480767,2298.53921726186,2476.61463396129,3327.11230563071,"Lower Columbia coho",2194
"East Fork Lewis River - early and late Coho salmon",2021,2873.07832438334,3954.21871568248,4302.74523078397,4516.89826132426,4983.65073479054,"Lower Columbia coho",4524
"East Fork Lewis River - early and late Coho salmon",2022,2578.2757694591,2985.95033845093,3133.22195660839,3275.71081687897,3754.29487582008,"Lower Columbia coho",3135
"East Fork Lewis River - early and late Coho salmon",2023,1253.55397492941,1435.28729210348,1503.61972363535,1590.89752831129,2032.07913835034,"Lower Columbia coho",1485
"East Fork Lewis River - early and late Coho salmon",2024,699.585160895227,1208.25969532125,1592.46229493801,2049.72908005259,3563.296624614,"Lower Columbia coho",NA
"East Fork Lewis River - early and late Coho salmon",2025,494.107126932015,1136.46591309784,1650.8371863924,2358.39734382983,5311.95873488452,"Lower Columbia coho",NA
"Elochoman River - late Coho salmon",2005,161.155983782514,532.144773812467,983.747770198898,1717.93886553425,5869.46432652548,"Lower Columbia coho",NA
"Elochoman River - late Coho salmon",2006,209.85890448751,552.290838416159,960.342313567209,1547.90550164085,4657.11121242617,"Lower Columbia coho",NA
"Elochoman River - late Coho salmon",2007,256.605742938856,580.196684278863,911.687523979698,1404.2830738262,3736.4678190523,"Lower Columbia coho",NA
"Elochoman River - late Coho salmon",2008,329.604888644289,690.668570025017,970.141609620631,1405.50322518543,3083.19280611558,"Lower Columbia coho",NA
"Elochoman River - late Coho salmon",2009,492.612825340169,845.283533490271,1077.45735059163,1425.18368668763,2568.16523804861,"Lower Columbia coho",NA
"Elochoman River - late Coho salmon",2010,763.693206185304,886.658303242878,934.556888368157,980.630885815899,1118.12526170699,"Lower Columbia coho",942
"Elochoman River - late Coho salmon",2011,558.4405940575,641.034955676816,674.870161163159,710.484957725021,803.093801680917,"Lower Columbia coho",683
"Elochoman River - late Coho salmon",2012,501.693274309423,553.043238917136,584.86910024569,623.051151525222,760.146138847279,"Lower Columbia coho",555
"Elochoman River - late Coho salmon",2013,735.251598807454,834.639923968308,874.46974307074,916.983760810946,1049.75621813531,"Lower Columbia coho",874
"Elochoman River - late Coho salmon",2014,2046.37569569821,2935.32950923312,3413.09603131032,3639.82589528977,4010.03727018183,"Lower Columbia coho",3684
"Elochoman River - late Coho salmon",2015,333.50967427817,371.613582176736,392.274724961557,418.959652300613,514.298602505431,"Lower Columbia coho",374
"Elochoman River - late Coho salmon",2016,753.37095460821,836.047140485021,876.783282243126,925.399692265356,1085.61785700224,"Lower Columbia coho",862
"Elochoman River - late Coho salmon",2017,831.82601878897,975.421885900732,1023.78644822522,1073.75778067822,1208.13997922678,"Lower Columbia coho",1036
"Elochoman River - late Coho salmon",2018,1002.28523199357,1177.90267550328,1241.17033432897,1294.156285518,1434.59197178259,"Lower Columbia coho",1259
"Elochoman River - late Coho salmon",2019,1499.73545449112,1773.41475037933,1863.14821840015,1945.68005095059,2139.62684863087,"Lower Columbia coho",1909
"Elochoman River - late Coho salmon",2020,1717.41050957654,1922.10024433553,2007.57245702562,2097.523630821,2387.45651135541,"Lower Columbia coho",2000
"Elochoman River - late Coho salmon",2021,1424.90411946265,1677.02345304825,1760.18732935575,1840.16560153825,2081.17495968332,"Lower Columbia coho",1774
"Elochoman River - late Coho salmon",2022,944.484709036122,1064.04954628309,1232.97253423838,1550.68506073515,2089.42558689146,"Lower Columbia coho",1001
"Elochoman River - late Coho salmon",2023,1154.26193710836,1518.06042902083,1617.4383485301,1696.93251781741,1887.70270434602,"Lower Columbia coho",1658
"Elochoman River - late Coho salmon",2024,851.653335204257,1346.47186592199,1654.76958485777,2004.72597865236,3128.23521861819,"Lower Columbia coho",NA
"Elochoman River - late Coho salmon",2025,697.720952881395,1289.52189958188,1699.83199293586,2288.20020650874,4225.16657005421,"Lower Columbia coho",NA
"Grays and Chinook Rivers - late Coho salmon",2005,90.0820075663833,234.899999953393,394.400047935988,676.246684247171,2029.14263548114,"Lower Columbia coho",NA
"Grays and Chinook Rivers - late Coho salmon",2006,101.997290592303,235.943539652332,375.92609096692,612.649829762083,1681.18325000105,"Lower Columbia coho",NA
"Grays and Chinook Rivers - late Coho salmon",2007,126.131065805989,265.838335197087,390.291507617114,586.335408046138,1377.40352311348,"Lower Columbia coho",NA
"Grays and Chinook Rivers - late Coho salmon",2008,171.891316165729,314.946240674388,422.303902484588,593.267036092737,1265.35987374064,"Lower Columbia coho",NA
"Grays and Chinook Rivers - late Coho salmon",2009,251.439828079766,393.477355912058,491.195783573233,624.362029627109,1080.2617421534,"Lower Columbia coho",NA
"Grays and Chinook Rivers - late Coho salmon",2010,380.703360278588,434.362975164338,459.319852679608,483.097627299947,551.150760966593,"Lower Columbia coho",463
"Grays and Chinook Rivers - late Coho salmon",2011,285.804758873273,317.872512285221,336.356398964318,358.723141205336,425.727293220214,"Lower Columbia coho",315
"Grays and Chinook Rivers - late Coho salmon",2012,404.286188419141,446.93629328759,469.624014274913,493.390129839046,560.207547189468,"Lower Columbia coho",460
"Grays and Chinook Rivers - late Coho salmon",2013,641.428597142416,752.860839311309,799.100005398763,837.374647649989,923.516195075454,"Lower Columbia coho",833
"Grays and Chinook Rivers - late Coho salmon",2014,1718.05058512177,2260.20897161019,2518.78334364594,2688.01733530047,2956.15647299173,"Lower Columbia coho",2746
"Grays and Chinook Rivers - late Coho salmon",2015,291.0075390534,322.760226405946,339.912923606143,359.134934199549,407.489712587826,"Lower Columbia coho",330
"Grays and Chinook Rivers - late Coho salmon",2016,572.326758152678,630.573583373393,660.93945582866,691.324412949854,762.72647668067,"Lower Columbia coho",658
"Grays and Chinook Rivers - late Coho salmon",2017,382.431604814292,428.158042313039,449.661655167264,473.391560047133,534.639993927544,"Lower Columbia coho",446
"Grays and Chinook Rivers - late Coho salmon",2018,398.857297856511,441.376792831261,461.421413328726,485.547863818219,540.806215176583,"Lower Columbia coho",454
"Grays and Chinook Rivers - late Coho salmon",2019,688.263620059203,756.743395032179,791.585247313739,829.576465056374,923.970363495235,"Lower Columbia coho",786
"Grays and Chinook Rivers - late Coho salmon",2020,847.149655523574,940.84203014968,981.725588035893,1023.64985210929,1120.04104857276,"Lower Columbia coho",995
"Grays and Chinook Rivers - late Coho salmon",2021,1008.91278328594,1125.57664056887,1174.8852935186,1222.26187821439,1325.07051098877,"Lower Columbia coho",1190
"Grays and Chinook Rivers - late Coho salmon",2022,916.024993416311,1012.61406741372,1060.52891920928,1110.61165402366,1247.65374461562,"Lower Columbia coho",1047
"Grays and Chinook Rivers - late Coho salmon",2023,812.192611264714,942.893446594989,990.859669217889,1038.83193643737,1181.94974561992,"Lower Columbia coho",1001
"Grays and Chinook Rivers - late Coho salmon",2024,676.839125282239,916.752754430017,1054.88406141849,1211.927638129,1638.14169935311,"Lower Columbia coho",NA
"Grays and Chinook Rivers - late Coho salmon",2025,570.243441656492,919.789823507246,1116.37225150747,1379.45802605071,2151.94822232664,"Lower Columbia coho",NA
"Kalama River - late Coho salmon",2005,8.50444575507333,26.4273644032446,47.0240083207075,82.3129710810039,249.273503917982,"Lower Columbia coho",NA
"Kalama River - late Coho salmon",2006,10.9184227421101,28.7670555843344,47.2717280126228,77.5892645091081,208.366941225303,"Lower Columbia coho",NA
"Kalama River - late Coho salmon",2007,13.8217564306447,31.4403663561447,48.6768689862813,75.3518305949555,183.271097925626,"Lower Columbia coho",NA
"Kalama River - late Coho salmon",2008,18.9881921612971,38.8786413836202,55.1943011570993,78.5386593248767,161.552236383486,"Lower Columbia coho",NA
"Kalama River - late Coho salmon",2009,29.5925054708261,49.4953542657846,64.2103698743223,84.6393836481555,152.738691469052,"Lower Columbia coho",NA
"Kalama River - late Coho salmon",2010,43.5323997723489,54.360440727267,60.1291585222474,65.8370167278482,78.1683283859485,"Lower Columbia coho",68
"Kalama River - late Coho salmon",2011,31.2328367672907,37.6707112084695,41.3152574160041,45.1741010033569,53.0345393359783,"Lower Columbia coho",39
"Kalama River - late Coho salmon",2012,31.9318306029837,37.6786486096719,41.0948715771363,44.6695262075503,52.4716197874721,"Lower Columbia coho",40
"Kalama River - late Coho salmon",2013,39.6074154716212,46.5278934378007,50.410082278585,54.5537681212369,64.0318163368595,"Lower Columbia coho",49
"Kalama River - late Coho salmon",2014,109.689391182248,124.79415650596,133.746889913336,143.1349351953,167.262060424114,"Lower Columbia coho",128
"Kalama River - late Coho salmon",2015,19.7655745582736,23.7305793303592,25.8911386463963,28.2695568255911,33.4583582070394,"Lower Columbia coho",26
"Kalama River - late Coho salmon",2016,49.6772524792879,58.2770506306371,63.0027802837528,68.1372684363216,78.9644793040499,"Lower Columbia coho",64
"Kalama River - late Coho salmon",2017,48.2302637816633,56.8085508536092,61.3773673951285,66.7339090663143,78.5933709071315,"Lower Columbia coho",58
"Kalama River - late Coho salmon",2018,61.1575023067185,70.9526550919315,76.1593567823475,81.823716038266,94.2047883843562,"Lower Columbia coho",76
"Kalama River - late Coho salmon",2019,112.804101229582,127.491785973781,135.840841295066,144.508185061922,165.212378378376,"Lower Columbia coho",129
"Kalama River - late Coho salmon",2020,175.286614978453,204.559211644834,218.367996495895,232.179000952558,260.475032838695,"Lower Columbia coho",235
"Kalama River - late Coho salmon",2021,189.570578465763,212.665327718087,226.001721059187,238.396644331673,268.084927858036,"Lower Columbia coho",227
"Kalama River - late Coho salmon",2022,207.496327161924,233.539053345093,247.031986541473,261.234290203346,295.822927344832,"Lower Columbia coho",245
"Kalama River - late Coho salmon",2023,194.924247458654,231.930468055179,247.33991996153,262.546736162841,296.869075258397,"Lower Columbia coho",255
"Kalama River - late Coho salmon",2024,161.261212869654,230.487575094975,268.333028895573,317.130183591526,439.181995746284,"Lower Columbia coho",NA
"Kalama River - late Coho salmon",2025,144.897793659027,235.078479609421,292.884837232955,369.063311251508,601.385475834367,"Lower Columbia coho",NA
"Lower Cowlitz River - late Coho salmon",2005,1721.71536404894,4926.88580636833,8219.92805923327,14405.1943715424,41171.1731356045,"Lower Columbia coho",NA
"Lower Cowlitz River - late Coho salmon",2006,1878.09861898713,4686.00014440681,7446.79436186266,12321.5481916217,32162.3468972461,"Lower Columbia coho",NA
"Lower Cowlitz River - late Coho salmon",2007,2195.14432801108,4881.97081928253,7200.82522971647,10811.3781289377,26600.6608626542,"Lower Columbia coho",NA
"Lower Cowlitz River - late Coho salmon",2008,2860.62927740875,5391.43291853285,7485.69407262478,10516.0847755279,21434.2693893197,"Lower Columbia coho",NA
"Lower Cowlitz River - late Coho salmon",2009,4022.1893788556,6440.4249494201,8129.84123165446,10395.8405228531,18422.155906666,"Lower Columbia coho",NA
"Lower Cowlitz River - late Coho salmon",2010,5695.57366406018,6658.79330907784,6973.53686149505,7271.32713693313,8152.99909539927,"Lower Columbia coho",7002
"Lower Cowlitz River - late Coho salmon",2011,4388.93019083996,4969.28421840449,5201.20248368156,5420.86931221301,5988.27702323945,"Lower Columbia coho",5254
"Lower Cowlitz River - late Coho salmon",2012,4314.66683697888,4803.58483114965,5006.19782584551,5232.17678459842,5880.60039346071,"Lower Columbia coho",4979
"Lower Cowlitz River - late Coho salmon",2013,5693.20031709904,6261.27084495412,6533.36475589214,6872.77782337657,8146.80706331874,"Lower Columbia coho",6343
"Lower Cowlitz River - late Coho salmon",2014,14362.9977137989,19678.1277075895,23128.9330948504,24870.7411876631,27195.4063800573,"Lower Columbia coho",25388
"Lower Cowlitz River - late Coho salmon",2015,2249.37289423883,2524.05595875755,2640.31372172243,2757.94809220985,3144.92560794443,"Lower Columbia coho",2619
"Lower Cowlitz River - late Coho salmon",2016,3967.25417477079,4441.5599358361,4632.53943522256,4822.10523310259,5428.80261988388,"Lower Columbia coho",4652
"Lower Cowlitz River - late Coho salmon",2017,2581.58742256812,2879.28619016731,3001.62210334335,3132.84083494532,3639.24617161786,"Lower Columbia coho",2961
"Lower Cowlitz River - late Coho salmon",2018,2359.92164787328,2698.96319429202,2828.38338034558,2952.23992259129,3248.08702960093,"Lower Columbia coho",2892
"Lower Cowlitz River - late Coho salmon",2019,3080.14669492402,3378.6512062004,3586.8155073689,3933.38080211585,4889.35030642008,"Lower Columbia coho",3306
"Lower Cowlitz River - late Coho salmon",2020,4144.90749024559,4591.88893700063,4784.82002488485,4987.92752039646,5643.09097021206,"Lower Columbia coho",4730
"Lower Cowlitz River - late Coho salmon",2021,4583.84894210494,5371.89093179313,5665.26176887576,5903.51136731404,6433.83729248017,"Lower Columbia coho",5859
"Lower Cowlitz River - late Coho salmon",2022,4113.50370690724,4524.09363568814,4729.13095307385,5037.99137704052,6187.54933190094,"Lower Columbia coho",4543
"Lower Cowlitz River - late Coho salmon",2023,3627.15255125246,4983.85664832093,5399.76141876749,5671.18839392088,6345.56358021877,"Lower Columbia coho",5619
"Lower Cowlitz River - late Coho salmon",2024,2889.07260053517,4399.94096008122,5267.51491669095,6279.7213166725,9404.379064744,"Lower Columbia coho",NA
"Lower Cowlitz River - late Coho salmon",2025,2456.42834302992,4110.96932708198,5325.72369479304,6896.42246856226,12517.4812800517,"Lower Columbia coho",NA
"Lower Gorge Tributaries - late Coho salmon",2005,128.989133919292,344.61237610456,557.957794824742,946.301224446801,2302.2047592574,"Lower Columbia coho",NA
"Lower Gorge Tributaries - late Coho salmon",2006,150.91749079276,338.559325482058,522.870822986243,812.71831263067,1842.86197222446,"Lower Columbia coho",NA
"Lower Gorge Tributaries - late Coho salmon",2007,184.801939100791,368.571226788698,525.171476097447,786.543378058568,1657.60754674894,"Lower Columbia coho",NA
"Lower Gorge Tributaries - late Coho salmon",2008,239.941948697534,427.847491693511,574.934090680273,775.685546688346,1419.31608170812,"Lower Columbia coho",NA
"Lower Gorge Tributaries - late Coho salmon",2009,344.734603766902,526.120908378349,646.767807334756,809.746823453329,1327.05526137071,"Lower Columbia coho",NA
"Lower Gorge Tributaries - late Coho salmon",2010,508.464277657396,562.092926865167,590.202447674114,620.837647925156,704.837514091903,"Lower Columbia coho",575
"Lower Gorge Tributaries - late Coho salmon",2011,379.890083207191,435.572065424036,459.233184610761,480.873679905467,530.544247968981,"Lower Columbia coho",477
"Lower Gorge Tributaries - late Coho salmon",2012,468.081064215716,512.716837657249,534.904386555784,559.419557278213,617.374395781698,"Lower Columbia coho",534
"Lower Gorge Tributaries - late Coho salmon",2013,621.927246006279,679.784907369159,708.995278968445,739.444226017416,809.626894481195,"Lower Columbia coho",701
"Lower Gorge Tributaries - late Coho salmon",2014,1605.88720857394,1760.36112771806,1832.38868059133,1917.61408783151,2184.40870799994,"Lower Columbia coho",1786
"Lower Gorge Tributaries - late Coho salmon",2015,304.563268385135,342.304224228185,359.787298384419,377.652730506752,416.596956437873,"Lower Columbia coho",377
"Lower Gorge Tributaries - late Coho salmon",2016,652.524070608997,732.110112795129,765.458284222017,797.649569380154,868.649513794427,"Lower Columbia coho",780
"Lower Gorge Tributaries - late Coho salmon",2017,508.568128096086,555.720111049142,582.148099396518,614.142021740302,706.192649651246,"Lower Columbia coho",554
"Lower Gorge Tributaries - late Coho salmon",2018,546.24272327517,598.648171806006,625.061765735632,653.572028024644,725.901453636707,"Lower Columbia coho",617
"Lower Gorge Tributaries - late Coho salmon",2019,877.053027653897,1007.61572529017,1070.66523530341,1129.38609346585,1229.69022177778,"Lower Columbia coho",1174
"Lower Gorge Tributaries - late Coho salmon",2020,1056.0944925746,1144.02079559179,1191.09437494154,1246.02973972033,1384.55568481052,"Lower Columbia coho",1140
"Lower Gorge Tributaries - late Coho salmon",2021,1175.50213857024,1296.98620669274,1348.83267124125,1398.39651309446,1525.97903575717,"Lower Columbia coho",1368
"Lower Gorge Tributaries - late Coho salmon",2022,1100.0251154352,1240.76919201084,1299.10924237483,1352.21021973187,1463.88004007274,"Lower Columbia coho",1339
"Lower Gorge Tributaries - late Coho salmon",2023,814.041482664097,901.897270107834,945.633148535518,999.477538799501,1194.67153195426,"Lower Columbia coho",908
"Lower Gorge Tributaries - late Coho salmon",2024,688.443781243282,896.880007852575,1009.85719782505,1131.66339057602,1447.77568731495,"Lower Columbia coho",NA
"Lower Gorge Tributaries - late Coho salmon",2025,625.27566442307,893.98564163355,1064.88894595014,1258.16967424105,1763.37467978084,"Lower Columbia coho",NA
"Mill, Abernathy, and Germany Creeks - late Coho salmon",2005,174.775082540036,523.847653464704,956.459739967688,1645.02325034625,5195.29568066712,"Lower Columbia coho",NA
"Mill, Abernathy, and Germany Creeks - late Coho salmon",2006,208.716655024602,545.628991792258,918.82825963461,1537.24193999605,3978.85866935395,"Lower Columbia coho",NA
"Mill, Abernathy, and Germany Creeks - late Coho salmon",2007,254.70338470858,611.106420911423,923.413054537214,1463.14966269508,3541.79552210961,"Lower Columbia coho",NA
"Mill, Abernathy, and Germany Creeks - late Coho salmon",2008,348.225733689099,713.567187787403,1003.19764062737,1423.75915974529,3086.44343530991,"Lower Columbia coho",NA
"Mill, Abernathy, and Germany Creeks - late Coho salmon",2009,534.826613394004,871.67344428093,1115.75046563254,1460.09267660065,2718.23033389186,"Lower Columbia coho",NA
"Mill, Abernathy, and Germany Creeks - late Coho salmon",2010,836.688723634672,1009.8424434782,1065.66194390917,1117.62195695544,1245.71062790522,"Lower Columbia coho",1089
"Mill, Abernathy, and Germany Creeks - late Coho salmon",2011,565.887429774613,633.940336485324,665.178460579766,698.623203768844,804.1173877075,"Lower Columbia coho",656
"Mill, Abernathy, and Germany Creeks - late Coho salmon",2012,620.512096306456,690.592049940486,724.677821584663,758.619790614793,855.485404019483,"Lower Columbia coho",722
"Mill, Abernathy, and Germany Creeks - late Coho salmon",2013,823.146664308368,905.858457971648,949.196864749968,1002.89657800364,1175.19587606606,"Lower Columbia coho",919
"Mill, Abernathy, and Germany Creeks - late Coho salmon",2014,2721.72385352457,3076.5853873029,3214.65504682866,3352.27807979869,3830.95790163401,"Lower Columbia coho",3201
"Mill, Abernathy, and Germany Creeks - late Coho salmon",2015,546.406837787174,674.939919136633,729.668632223593,772.298265744596,852.576338433986,"Lower Columbia coho",790
"Mill, Abernathy, and Germany Creeks - late Coho salmon",2016,1210.78950227705,1338.47866922329,1399.23975317939,1473.09163045411,1712.75522244332,"Lower Columbia coho",1367
"Mill, Abernathy, and Germany Creeks - late Coho salmon",2017,875.634198749052,982.887292892139,1029.75090098906,1077.6870944021,1203.29136617282,"Lower Columbia coho",1029
"Mill, Abernathy, and Germany Creeks - late Coho salmon",2018,956.387636566289,1079.39123106334,1126.92244903296,1175.77669870447,1303.1364109922,"Lower Columbia coho",1143
"Mill, Abernathy, and Germany Creeks - late Coho salmon",2019,1472.40394422256,1667.83839868845,1745.9571917041,1819.25013444476,2013.90977444669,"Lower Columbia coho",1773
"Mill, Abernathy, and Germany Creeks - late Coho salmon",2020,1636.75812534316,1795.32652008316,1880.02813750887,1994.36315119425,2399.29494389124,"Lower Columbia coho",1802
"Mill, Abernathy, and Germany Creeks - late Coho salmon",2021,1624.71405844924,1781.79500866381,1880.85231656956,2038.65283834877,2501.2064315217,"Lower Columbia coho",1749
"Mill, Abernathy, and Germany Creeks - late Coho salmon",2022,1848.96927702796,2223.85005161508,2350.41966717692,2457.76136954383,2723.5276455983,"Lower Columbia coho",2424
"Mill, Abernathy, and Germany Creeks - late Coho salmon",2023,1819.73910615895,2483.82274183633,2670.90685471989,2804.5019080413,3110.97733695532,"Lower Columbia coho",2774
"Mill, Abernathy, and Germany Creeks - late Coho salmon",2024,1590.89511621523,2319.76647196467,2757.61149778306,3274.12595732876,4654.58775863525,"Lower Columbia coho",NA
"Mill, Abernathy, and Germany Creeks - late Coho salmon",2025,1407.14302284227,2282.80343656273,2904.77586247088,3706.10091370197,6183.47936809419,"Lower Columbia coho",NA
"North Fork Lewis River - early and late Coho salmon",2005,351.522234196411,1143.22269105359,2126.56644930212,3774.61494450822,12030.8898326849,"Lower Columbia coho",NA
"North Fork Lewis River - early and late Coho salmon",2006,436.45785779072,1151.65828796781,1976.0644566405,3309.50370200266,9417.96686325961,"Lower Columbia coho",NA
"North Fork Lewis River - early and late Coho salmon",2007,510.487070690122,1228.14275359758,1978.14514511731,3099.0381563429,7771.73793957826,"Lower Columbia coho",NA
"North Fork Lewis River - early and late Coho salmon",2008,691.459257275109,1486.11168939221,2130.55419734456,3088.00055408694,6591.07620231819,"Lower Columbia coho",NA
"North Fork Lewis River - early and late Coho salmon",2009,1054.09161446732,1844.88191475648,2428.91933074175,3159.49865754438,5567.71296344729,"Lower Columbia coho",NA
"North Fork Lewis River - early and late Coho salmon",2010,1666.55472981933,2025.46702496766,2126.24379304934,2228.18544154476,2501.92662031574,"Lower Columbia coho",2160
"North Fork Lewis River - early and late Coho salmon",2011,1232.56084960623,1376.87697348949,1442.1525273081,1526.12701177633,1851.80317315539,"Lower Columbia coho",1402
"North Fork Lewis River - early and late Coho salmon",2012,1132.87702877175,1375.94410491215,1461.14054377948,1528.607858683,1703.35427442108,"Lower Columbia coho",1514
"North Fork Lewis River - early and late Coho salmon",2013,1240.37314298541,1370.75369555218,1444.77941316033,1554.41941082793,1989.7105525312,"Lower Columbia coho",1374
"North Fork Lewis River - early and late Coho salmon",2014,4003.51457630255,4622.21118799785,4831.61658884441,5048.77359880343,5765.93887426934,"Lower Columbia coho",4835
"North Fork Lewis River - early and late Coho salmon",2015,906.116657958098,1004.29899654398,1058.99797708568,1122.27511611846,1393.52284763445,"Lower Columbia coho",1020
"North Fork Lewis River - early and late Coho salmon",2016,2366.21131245007,3131.56619106009,3371.69629291234,3536.68188816117,3885.7680951218,"Lower Columbia coho",3524
"North Fork Lewis River - early and late Coho salmon",2017,2375.01564702315,3553.74942557577,4129.2033174367,4405.74620896109,4871.23530802542,"Lower Columbia coho",4471
"North Fork Lewis River - early and late Coho salmon",2018,2601.33623954381,2929.77684011477,3052.8538476713,3211.87256283426,3805.40150378792,"Lower Columbia coho",3011
"North Fork Lewis River - early and late Coho salmon",2019,3541.92656083218,3894.53710763883,4078.51397082582,4342.85583349876,5484.81274303625,"Lower Columbia coho",3930
"North Fork Lewis River - early and late Coho salmon",2020,4662.50033595133,5875.6430558329,6352.82053945632,6685.58737759803,7305.58643220839,"Lower Columbia coho",6704
"North Fork Lewis River - early and late Coho salmon",2021,4379.78872827006,4828.05619202463,5056.06896873601,5383.05895818861,6518.82592962087,"Lower Columbia coho",4870
"North Fork Lewis River - early and late Coho salmon",2022,4722.11822139588,5430.2666449283,5672.86734368762,5920.0124525265,6630.44126320489,"Lower Columbia coho",5742
"North Fork Lewis River - early and late Coho salmon",2023,3799.35481763389,4367.12775793223,4578.14177278123,4782.71120684484,5544.59129498032,"Lower Columbia coho",4592
"North Fork Lewis River - early and late Coho salmon",2024,2560.11892871161,3957.34361856997,4847.43889331391,5941.64222334729,9150.89742650474,"Lower Columbia coho",NA
"North Fork Lewis River - early and late Coho salmon",2025,2117.60569067603,3820.80763038593,5124.33066332647,6857.13002945483,12878.9595960456,"Lower Columbia coho",NA
"North Fork Toutle River - early and late Coho salmon",2005,335.379831745339,934.962634416498,1634.53065980828,2856.2922843371,8638.63585038303,"Lower Columbia coho",NA
"North Fork Toutle River - early and late Coho salmon",2006,357.638770602285,927.65149533568,1505.40038590587,2494.26328755228,6504.30594439914,"Lower Columbia coho",NA
"North Fork Toutle River - early and late Coho salmon",2007,462.513932095994,1018.36563466905,1549.02883644371,2360.57984778278,5814.18766932188,"Lower Columbia coho",NA
"North Fork Toutle River - early and late Coho salmon",2008,616.877842879514,1176.58358015393,1635.39899121325,2289.69705992061,4598.97154420777,"Lower Columbia coho",NA
"North Fork Toutle River - early and late Coho salmon",2009,869.079972071713,1415.37682492908,1797.28297078842,2309.75723299454,4042.05178564582,"Lower Columbia coho",NA
"North Fork Toutle River - early and late Coho salmon",2010,1324.79425178294,1602.78483913865,1691.86573134635,1769.09834465941,1965.37990862766,"Lower Columbia coho",1737
"North Fork Toutle River - early and late Coho salmon",2011,908.657050676796,997.899732075005,1050.0275529939,1116.34690522686,1350.79750270519,"Lower Columbia coho",997
"North Fork Toutle River - early and late Coho salmon",2012,1306.52873859241,1442.22851637737,1502.77912695682,1578.12419910485,1793.81302926081,"Lower Columbia coho",1478
"North Fork Toutle River - early and late Coho salmon",2013,1815.78953917936,2171.87421597995,2352.47851006166,2486.9976711766,2706.21936493611,"Lower Columbia coho",2536
"North Fork Toutle River - early and late Coho salmon",2014,4639.13068117988,5183.74409833886,5392.20467289912,5633.0235256122,6388.28142188959,"Lower Columbia coho",5359
"North Fork Toutle River - early and late Coho salmon",2015,805.809827406537,890.270248471135,932.021413019772,976.866456029381,1111.61976345432,"Lower Columbia coho",911
"North Fork Toutle River - early and late Coho salmon",2016,1538.60557628859,1769.96710316302,1866.74208121844,1950.18355080707,2131.70738567667,"Lower Columbia coho",1937
"North Fork Toutle River - early and late Coho salmon",2017,866.805964112999,954.781922747904,999.816731462589,1055.38085720575,1247.89205115078,"Lower Columbia coho",972
"North Fork Toutle River - early and late Coho salmon",2018,920.488855917617,1003.70364217408,1051.88619639984,1115.33288482511,1309.16340086774,"Lower Columbia coho",1002
"North Fork Toutle River - early and late Coho salmon",2019,1583.62392944477,1914.77438121238,2038.72047233554,2138.1350868911,2317.05552822926,"Lower Columbia coho",2170
"North Fork Toutle River - early and late Coho salmon",2020,1856.97962001886,2031.81875572127,2113.42428268801,2210.11766656037,2503.37436275072,"Lower Columbia coho",2076
"North Fork Toutle River - early and late Coho salmon",2021,2073.01256676352,2260.59394613641,2347.70897240754,2453.27603746949,2791.20489719524,"Lower Columbia coho",2298
"North Fork Toutle River - early and late Coho salmon",2022,1928.97313700522,2224.98096008572,2341.45130778971,2440.81071604391,2656.09575675284,"Lower Columbia coho",2422
"North Fork Toutle River - early and late Coho salmon",2023,1578.9797611376,1765.40127281064,1849.56933949987,1936.49908955102,2258.60673999145,"Lower Columbia coho",1835
"North Fork Toutle River - early and late Coho salmon",2024,1196.68366152589,1661.88834120283,1932.32621067403,2243.08879271554,3027.9619721159,"Lower Columbia coho",NA
"North Fork Toutle River - early and late Coho salmon",2025,1023.95631043803,1618.0169135743,2009.1681575519,2474.00716357029,3883.11260232239,"Lower Columbia coho",NA
"Salmon Creek - late Coho salmon",2005,328.936355145124,892.524823008526,1489.35576973321,2550.73686998351,7145.49940503431,"Lower Columbia coho",NA
"Salmon Creek - late Coho salmon",2006,351.121813058979,831.239504887317,1354.6970094472,2136.43172500687,5456.74006358244,"Lower Columbia coho",NA
"Salmon Creek - late Coho salmon",2007,392.789175840343,871.333975326976,1308.35933567005,1945.51030961246,4222.54290775534,"Lower Columbia coho",NA
"Salmon Creek - late Coho salmon",2008,519.506640191063,969.721759305397,1338.90900309209,1813.25283889827,3516.3564306589,"Lower Columbia coho",NA
"Salmon Creek - late Coho salmon",2009,696.715002860454,1138.35535277087,1419.23104998843,1816.67122216085,2984.61814630576,"Lower Columbia coho",NA
"Salmon Creek - late Coho salmon",2010,999.630989323854,1177.73520223833,1237.23337955128,1294.1569445502,1439.76746730097,"Lower Columbia coho",1258
"Salmon Creek - late Coho salmon",2011,712.1146854325,802.43140460408,840.168893620761,880.861109934904,992.143336505581,"Lower Columbia coho",826
"Salmon Creek - late Coho salmon",2012,788.833507383736,862.18606528468,899.967869924749,944.539165877044,1073.0985645418,"Lower Columbia coho",884
"Salmon Creek - late Coho salmon",2013,990.904424246067,1101.3333132328,1148.10720592209,1199.45047321568,1329.88765761826,"Lower Columbia coho",1145
"Salmon Creek - late Coho salmon",2014,2702.24662638995,3016.39451563316,3136.09137760945,3272.64538201763,3732.71190317786,"Lower Columbia coho",3104
"Salmon Creek - late Coho salmon",2015,532.173688252227,600.454384334865,634.511114476936,665.958766750305,736.794431524911,"Lower Columbia coho",643
"Salmon Creek - late Coho salmon",2016,1212.31405456827,1357.89865031858,1420.28462575343,1485.54452522436,1651.76024166961,"Lower Columbia coho",1426
"Salmon Creek - late Coho salmon",2017,1080.57139213017,1228.74682384492,1284.61089555487,1343.57896926516,1491.22811575278,"Lower Columbia coho",1300
"Salmon Creek - late Coho salmon",2018,1035.67158574941,1207.26028967177,1273.09937846252,1329.33672433379,1455.48522936465,"Lower Columbia coho",1327
"Salmon Creek - late Coho salmon",2019,1439.25779079787,1618.49482971919,1692.36774713447,1759.94505643549,1951.10979352451,"Lower Columbia coho",1702
"Salmon Creek - late Coho salmon",2020,1428.43144680228,1589.61522490074,1656.30323114671,1724.69151696117,1912.01456813603,"Lower Columbia coho",1654
"Salmon Creek - late Coho salmon",2021,1294.34308852123,1452.30408725044,1513.38550033295,1575.13165327484,1740.33754422343,"Lower Columbia coho",1527
"Salmon Creek - late Coho salmon",2022,1034.56482596042,1153.93415381599,1208.18746880141,1266.24382652168,1441.69836162873,"Lower Columbia coho",1196
"Salmon Creek - late Coho salmon",2023,667.315129827369,747.151257017126,789.030113844589,850.85834304113,1146.94728158383,"Lower Columbia coho",750
"Salmon Creek - late Coho salmon",2024,499.241451916913,688.256911457074,801.400400512265,938.211961534481,1354.14436815939,"Lower Columbia coho",NA
"Salmon Creek - late Coho salmon",2025,410.301980683352,639.633095634611,795.513728855133,1007.12874094026,1631.59948184372,"Lower Columbia coho",NA
"South Fork Toutle River - early and late Coho salmon",2005,365.881383935587,1046.77593376338,1851.4391561362,3221.38357963585,11123.7074634886,"Lower Columbia coho",NA
"South Fork Toutle River - early and late Coho salmon",2006,395.059850052649,1018.76160679093,1701.40360514075,2827.46596746834,7912.78208927004,"Lower Columbia coho",NA
"South Fork Toutle River - early and late Coho salmon",2007,504.721852658,1131.45860300342,1746.95451400275,2685.06548964642,6760.80259159656,"Lower Columbia coho",NA
"South Fork Toutle River - early and late Coho salmon",2008,653.268386975127,1300.86368430584,1810.27206765728,2540.7620592797,5345.33783294689,"Lower Columbia coho",NA
"South Fork Toutle River - early and late Coho salmon",2009,936.201934180753,1557.63137384375,1996.67498555988,2578.8735467735,4654.20171300169,"Lower Columbia coho",NA
"South Fork Toutle River - early and late Coho salmon",2010,1573.18604317752,1771.65656128232,1852.59815798405,1948.1207016876,2293.98477130202,"Lower Columbia coho",1822
"South Fork Toutle River - early and late Coho salmon",2011,1130.15152420814,1250.74698838926,1306.65981705296,1374.87228467584,1597.84493306611,"Lower Columbia coho",1287
"South Fork Toutle River - early and late Coho salmon",2012,1692.66413530594,1946.16096351782,2037.5827999228,2126.93550484637,2323.57771564154,"Lower Columbia coho",2082
"South Fork Toutle River - early and late Coho salmon",2013,2687.86138839553,2949.13179302504,3069.33609132795,3209.9630278663,3649.90685719994,"Lower Columbia coho",3033
"South Fork Toutle River - early and late Coho salmon",2014,7641.47200530425,9106.54446196566,9581.62206186456,10006.9404071883,11120.6100739275,"Lower Columbia coho",9817
"South Fork Toutle River - early and late Coho salmon",2015,1305.20909720071,1525.69621623104,1609.37012286519,1679.92102225159,1835.06577131989,"Lower Columbia coho",1660
"South Fork Toutle River - early and late Coho salmon",2016,2312.64926155343,2615.76647573323,2729.69248950843,2850.84916213324,3162.00823828508,"Lower Columbia coho",2732
"South Fork Toutle River - early and late Coho salmon",2017,1127.31520034018,1246.33936500846,1303.97973827863,1378.33866016453,1617.11174019106,"Lower Columbia coho",1281
"South Fork Toutle River - early and late Coho salmon",2018,1091.05014137145,1200.29144925263,1258.15306066905,1338.42051292593,1609.36753651985,"Lower Columbia coho",1199
"South Fork Toutle River - early and late Coho salmon",2019,1903.24773838127,2178.37919031967,2284.23907848061,2377.251573807,2608.89929879406,"Lower Columbia coho",2334
"South Fork Toutle River - early and late Coho salmon",2020,2057.55976379444,2315.79956349494,2420.82655860705,2521.39396859695,2753.25245341707,"Lower Columbia coho",2458
"South Fork Toutle River - early and late Coho salmon",2021,2193.68790671563,2489.76154181782,2605.04345843808,2708.73637725825,2989.70480494109,"Lower Columbia coho",2637
"South Fork Toutle River - early and late Coho salmon",2022,1787.09674896581,1970.49167280974,2057.23352513501,2181.3412590932,2631.19964855752,"Lower Columbia coho",1981
"South Fork Toutle River - early and late Coho salmon",2023,1567.44260296341,1796.19161389055,1884.12306824875,1971.23188754212,2254.82284366268,"Lower Columbia coho",1888
"South Fork Toutle River - early and late Coho salmon",2024,1154.5105467018,1642.34635549427,1936.35979504761,2288.27840962762,3224.66244162041,"Lower Columbia coho",NA
"South Fork Toutle River - early and late Coho salmon",2025,981.088707466005,1568.97070734584,1999.51865152433,2534.39584135565,4212.75304738343,"Lower Columbia coho",NA
"Tilton River - early and late Coho salmon",2005,1011.15918642157,1244.15154032311,1313.21871484646,1377.07867975166,1576.19524816012,"Lower Columbia coho",1331
"Tilton River - early and late Coho salmon",2006,627.393301386671,714.427713061525,753.76957732273,800.577882280769,1029.1824209089,"Lower Columbia coho",738
"Tilton River - early and late Coho salmon",2007,660.522376901907,779.268390066297,823.515903346556,866.303377386758,1003.80947951218,"Lower Columbia coho",827
"Tilton River - early and late Coho salmon",2008,758.718653947832,873.969992827467,920.692357090462,971.103760412344,1143.349486756,"Lower Columbia coho",915
"Tilton River - early and late Coho salmon",2009,1034.48215887821,1232.27077193775,1297.47942020004,1362.40324064161,1550.88320355917,"Lower Columbia coho",1306
"Tilton River - early and late Coho salmon",2010,759.884209406448,865.177281266555,911.799699888019,967.528627919844,1210.76338539593,"Lower Columbia coho",897
"Tilton River - early and late Coho salmon",2011,1225.58405293978,1792.53561318767,1918.31160125988,2010.38169818581,2275.04306909135,"Lower Columbia coho",1963
"Tilton River - early and late Coho salmon",2012,1092.54093669699,1238.52440557639,1302.11508108589,1390.10700431194,1926.22439767711,"Lower Columbia coho",1269
"Tilton River - early and late Coho salmon",2013,2083.92552010638,2503.19267203157,2628.06322985905,2751.48782467523,3162.10322077928,"Lower Columbia coho",2652
"Tilton River - early and late Coho salmon",2014,7197.29758730529,8487.54070469682,8903.32362311897,9311.05767395695,11058.9616224058,"Lower Columbia coho",8912
"Tilton River - early and late Coho salmon",2015,1066.53474506656,1275.50364164676,1345.19653482859,1409.89887147774,1599.35090946725,"Lower Columbia coho",1359
"Tilton River - early and late Coho salmon",2016,2188.96715534513,2518.98384860278,2641.69031642301,2772.52835231829,3327.88721338124,"Lower Columbia coho",2625
"Tilton River - early and late Coho salmon",2017,1861.72363448022,4481.19068117033,4973.66744839878,5231.78461457301,5839.88407239474,"Lower Columbia coho",5192
"Tilton River - early and late Coho salmon",2018,1142.93619411458,1281.92305911316,1345.38064914154,1427.80573142602,1908.09995446719,"Lower Columbia coho",1318
"Tilton River - early and late Coho salmon",2019,1331.9081655961,1505.85344092706,1585.70129024575,1667.47430102351,2049.10221050916,"Lower Columbia coho",1558
"Tilton River - early and late Coho salmon",2020,2068.00121739683,2330.9735783781,2448.25491885923,2583.18131927883,3295.70953184077,"Lower Columbia coho",2399
"Tilton River - early and late Coho salmon",2021,4448.8351510454,5920.88046442126,6265.0481631778,6553.21275027427,7400.01769645775,"Lower Columbia coho",6391
"Tilton River - early and late Coho salmon",2022,3982.56916369487,6561.87918049252,7056.33641928179,7394.05374183491,8256.35224255794,"Lower Columbia coho",7255
"Tilton River - early and late Coho salmon",2023,1165.85724645868,1307.15258330708,1378.64013860487,1491.21547238934,3920.46251202862,"Lower Columbia coho",1338
"Tilton River - early and late Coho salmon",2024,406.8321567621,1005.00532834727,1538.36707309276,2430.97655549857,6696.32083980201,"Lower Columbia coho",NA
"Tilton River - early and late Coho salmon",2025,251.918115422687,898.160313627296,1620.460417929,3115.12886646909,10713.2390792591,"Lower Columbia coho",NA
"Upper Cowlitz River - early and late Coho salmon",2005,4737.346070166,5550.06658326661,5800.26670368354,6092.7783745957,7269.32151227642,"Lower Columbia coho",5788
"Upper Cowlitz River - early and late Coho salmon",2006,4173.76025274494,5172.74485394825,5424.65014844725,5677.25231516072,6485.29868337152,"Lower Columbia coho",5486
"Upper Cowlitz River - early and late Coho salmon",2007,3308.59645572053,3774.128112887,3954.5658651151,4153.9878522939,5133.61722593538,"Lower Columbia coho",3915
"Upper Cowlitz River - early and late Coho salmon",2008,3861.50550021962,4528.94145323738,4740.50725257166,4956.81854123798,5811.20442688101,"Lower Columbia coho",4749
"Upper Cowlitz River - early and late Coho salmon",2009,4427.41871152506,5411.91279469648,5693.75466310617,5952.92655190951,6803.83349069077,"Lower Columbia coho",5751
"Upper Cowlitz River - early and late Coho salmon",2010,2445.22463487267,2724.61810788757,2856.74956204364,3043.56475446714,4765.4057215824,"Lower Columbia coho",2775
"Upper Cowlitz River - early and late Coho salmon",2011,2301.35855786115,6094.68509349037,7197.49057531987,7614.47831695639,8444.35306392181,"Lower Columbia coho",7610
"Upper Cowlitz River - early and late Coho salmon",2012,1362.62504152782,1554.09042819155,1627.81476347082,1721.31903600061,2275.60844238513,"Lower Columbia coho",1600
"Upper Cowlitz River - early and late Coho salmon",2013,817.140017319552,1474.41987079274,1923.23118271244,2528.06897441675,4327.20474297232,"Lower Columbia coho",13
"Upper Cowlitz River - early and late Coho salmon",2014,3823.06055080744,6268.02005368888,6682.110187618,6991.09201603049,7812.83688582037,"Lower Columbia coho",6846
"Upper Cowlitz River - early and late Coho salmon",2015,316.192366499649,361.774425422351,383.666170960947,408.265769237844,527.486813989392,"Lower Columbia coho",374
"Upper Cowlitz River - early and late Coho salmon",2016,782.699020938493,887.036886517596,933.13187880654,991.55521465084,1314.84186182345,"Lower Columbia coho",912
"Upper Cowlitz River - early and late Coho salmon",2017,2357.58149949114,4724.87645890784,5056.09512508882,5307.06404107171,5948.73715381263,"Lower Columbia coho",5196
"Upper Cowlitz River - early and late Coho salmon",2018,1054.3836375887,2151.84754926476,2843.40044063636,3672.38278774811,6502.8863887843,"Lower Columbia coho",172
"Upper Cowlitz River - early and late Coho salmon",2019,2863.08313145088,3414.47455574759,3577.62496214328,3761.04285608301,4569.6267097554,"Lower Columbia coho",3560
"Upper Cowlitz River - early and late Coho salmon",2020,6754.88889513403,8362.71831193127,8799.14940309105,9183.44085619684,10425.6845612128,"Lower Columbia coho",8909
"Upper Cowlitz River - early and late Coho salmon",2021,8248.03330139778,9377.96078099912,9795.74266468391,10277.4307481261,12374.8991539828,"Lower Columbia coho",9663
"Upper Cowlitz River - early and late Coho salmon",2022,8877.17809542772,10878.8563592762,11415.8376538278,11922.4336062214,13736.3590924674,"Lower Columbia coho",11506
"Upper Cowlitz River - early and late Coho salmon",2023,5050.05682987657,5980.42628542638,6269.10845965694,6575.77198702309,7842.14260240714,"Lower Columbia coho",6264
"Upper Cowlitz River - early and late Coho salmon",2024,1687.0329370309,4288.0298006123,6638.11733678306,9953.57455746512,24922.5279806818,"Lower Columbia coho",NA
"Upper Cowlitz River - early and late Coho salmon",2025,995.952351694577,3662.80536341981,6888.50870183238,12526.2667973907,45862.9803938507,"Lower Columbia coho",NA
"Washougal River - late Coho salmon",2005,153.530168709699,433.192855326965,733.607939192454,1245.48101453513,3530.43515656436,"Lower Columbia coho",NA
"Washougal River - late Coho salmon",2006,167.861984053273,425.275251446798,688.442301674232,1094.71202784687,2708.31510283096,"Lower Columbia coho",NA
"Washougal River - late Coho salmon",2007,194.354649260749,440.885040554958,660.909141218833,989.206416934034,2184.72929948641,"Lower Columbia coho",NA
"Washougal River - late Coho salmon",2008,250.582137462737,498.016284704064,694.656088177322,963.47586019263,1868.17614940579,"Lower Columbia coho",NA
"Washougal River - late Coho salmon",2009,358.518000541446,591.619820249993,739.39064245172,961.781580897134,1606.02036443866,"Lower Columbia coho",NA
"Washougal River - late Coho salmon",2010,501.688439988646,610.436064788005,646.885958607776,681.193015297833,759.4759710977,"Lower Columbia coho",669
"Washougal River - late Coho salmon",2011,375.387464776105,423.385501150764,445.393343986486,467.209317994298,526.062426165396,"Lower Columbia coho",446
"Washougal River - late Coho salmon",2012,354.251759351547,399.213243117875,419.338532280499,441.249047504976,495.993438756125,"Lower Columbia coho",422
"Washougal River - late Coho salmon",2013,384.01591092138,437.238637066859,459.367549897581,482.681901707568,537.937573917223,"Lower Columbia coho",464
"Washougal River - late Coho salmon",2014,789.679265070312,869.843136131745,910.956875808119,960.641833276364,1133.4986831093,"Lower Columbia coho",883
"Washougal River - late Coho salmon",2015,122.86208188462,138.705905356405,147.750706155251,157.137648430439,178.829934730835,"Lower Columbia coho",147
"Washougal River - late Coho salmon",2016,272.156943760515,303.470185319856,318.605968183183,336.545423573923,380.483080290684,"Lower Columbia coho",314
"Washougal River - late Coho salmon",2017,238.187285554929,268.960683013322,283.752338299509,301.500400005477,346.373127648738,"Lower Columbia coho",277
"Washougal River - late Coho salmon",2018,264.612428150789,295.437946750845,311.166441699042,329.767490784668,376.834246247498,"Lower Columbia coho",298
"Washougal River - late Coho salmon",2019,470.636986832517,529.719721221622,555.297877439505,581.963460574157,649.065546378355,"Lower Columbia coho",559
"Washougal River - late Coho salmon",2020,620.608921942207,742.364638671823,796.765561503069,842.53015410879,922.831973349689,"Lower Columbia coho",858
"Washougal River - late Coho salmon",2021,656.647796074561,730.601872885369,762.809432873688,797.746213112564,900.230023600552,"Lower Columbia coho",752
"Washougal River - late Coho salmon",2022,610.710709718734,715.240447776505,754.604110011989,789.333596328292,871.932209423528,"Lower Columbia coho",782
"Washougal River - late Coho salmon",2023,441.06130609173,493.113025682172,520.100828161958,553.927450903875,688.79474225081,"Lower Columbia coho",500
"Washougal River - late Coho salmon",2024,339.084923210609,463.762032361495,536.416168619138,623.921815902236,869.815194085397,"Lower Columbia coho",NA
"Washougal River - late Coho salmon",2025,276.615673434514,440.764448884634,553.250647500126,688.756155373525,1073.4481479937,"Lower Columbia coho",NA
