"","mean","se_mean","sd","2.5%","25%","50%","75%","97.5%","n_eff","Rhat"
"eps[1]",0.173397546020722,0.0181595242727568,0.48509313337529,-0.858243531340355,-0.112224743101669,0.220243556821995,0.491383439250292,1.05178075413995,713.577783197161,1.00777308631685
"eps[2]",-1.24512183016396,0.0152195229620968,0.498936445099382,-2.16051211850012,-1.546034629769,-1.28216185407564,-0.959724535091719,-0.176751848115571,1074.70279008771,1.00558734599292
"eps[3]",-0.700182795861668,0.0178281397633359,0.463461071217164,-1.56252969449731,-1.01351773213331,-0.716598667882764,-0.427109740522579,0.277544911087483,675.794203012545,1.00652451236808
"eps[4]",1.48658300495068,0.0202819318815377,0.522691489052747,0.365457722446688,1.18912577509074,1.51076223783291,1.84142228519491,2.41431526688038,664.159237751225,1.00363555724976
"eps[5]",-0.157425106144435,0.0315364891498611,0.480189130568258,-1.01088677362519,-0.458889507362267,-0.16278492226582,0.101190841614685,0.919485577881837,231.845122745127,1.01963494014862
"eps[6]",-0.564143085366654,0.0209263844086552,0.493397873669919,-1.36666471722796,-0.885856183708984,-0.626335849878691,-0.296411276243165,0.596364554314079,555.912128607138,1.0040197683226
"eps[7]",2.11063713170322,0.0216300032598361,0.541163614229478,0.953993991032744,1.75270900362304,2.12640540842626,2.47127274126579,3.13486660300308,625.956289397953,1.00731355190202
"eps[8]",1.58424590709509,0.0118828301819902,0.479718662948409,0.67946130752923,1.28248980723947,1.56410907559714,1.88365938521436,2.60143652397455,1629.79675147705,1.00621008979561
"eps[9]",0.999849986604998,0.0155131193740381,0.481111472843535,0.0399069477153609,0.697459585957768,0.987655081010576,1.28339484107187,1.98275242353749,961.818570532031,1.00800689709037
"eps[10]",-0.956093607245793,0.0406661235677946,0.560745398656223,-1.8213641524902,-1.33231798423013,-1.00611546016511,-0.663364753484037,0.394585948777922,190.136670723378,1.01597601981495
"eps[11]",1.13528692761176,0.0188772785189908,0.508300426700289,0.00155429887830334,0.861289710144768,1.1563849670353,1.46631936028497,2.05019555429895,725.040358107926,1.00440749187443
"eps[12]",0.196550414298642,0.0095387901213531,0.45428193613591,-0.73255557333734,-0.0636745145071323,0.177288797337212,0.45174656865953,1.15366078537755,2268.11123371221,0.999535683044197
"eps[13]",-0.81317347508769,0.025816745941051,0.475731334900115,-1.67465140715495,-1.11598949242565,-0.830917176125773,-0.541361628839955,0.250419175792059,339.563118950673,1.01501475255142
"eps[14]",-0.383622345893493,0.0100817144164588,0.459008196483245,-1.38458611675977,-0.647295105041006,-0.363196786304999,-0.0946334902488009,0.465975029311491,2072.87015866911,0.99929592186121
"eps[15]",-0.871361061073966,0.0192089628238996,0.464227404050553,-1.74559059785293,-1.17796156857752,-0.874459581231396,-0.597475575939934,0.153046108042259,584.054959130935,1.01101846281513
"eps[16]",-0.133053724863962,0.00964503860087705,0.446575279517911,-1.04846803725214,-0.404442114963679,-0.148893710434603,0.14147454657129,0.780849517230162,2143.78593503154,1.00260200134367
"eps[17]",0.347448947620485,0.0101182527669724,0.449010144445344,-0.573192651989445,0.0613383104743046,0.337534105793299,0.609937567522537,1.30331489730671,1969.25182804139,1.00420367379076
"eps[18]",0.807650518338352,0.0102121891434769,0.470488102723302,-0.184535835839114,0.533518755993566,0.793129568133878,1.08148720931428,1.80871422641804,2122.558124453,1.00207978939364
"eps[19]",0.832160993126598,0.023726520034374,0.476245568416592,-0.0657405713168337,0.529578647061383,0.832572354789099,1.11690215869297,1.80726255546303,402.896787936895,1.01224764423508
"eps[20]",0.49909438101286,0.0162931450073167,0.463955777651627,-0.392334412109585,0.187874390105924,0.476861077956585,0.771407532154166,1.52940978935558,810.855243230266,1.00922968325639
"eps[21]",0.856382508964511,0.0147903988819652,0.481186347879885,-0.217144743022819,0.595578104789331,0.88712409372457,1.16686556101798,1.73466843146419,1058.44140593083,1.00230207273652
"eps[22]",-1.15549303234215,0.0165162576916273,0.482055576584802,-2.06074537686089,-1.46236689560914,-1.17788144290674,-0.875310436791202,-0.10532989383973,851.865288423552,1.00305223779263
"eps[23]",-0.364639429711324,0.0192301818291086,0.500588067086442,-1.51645720073912,-0.649340203144244,-0.322453923549361,-0.0368139689576579,0.506832029350614,677.632464287851,1.0064767393709
"eps[24]",-1.38152815564172,0.0117977147714571,0.484939879092324,-2.36171339289616,-1.68766975957072,-1.37428145070505,-1.08467138178314,-0.368581565490822,1689.58488349614,1.0028065218092
"eps[25]",-1.12473081901788,0.00970900267251693,0.474336682190182,-2.13003399279489,-1.4063022958709,-1.10674431339096,-0.845909148145089,-0.178713651059612,2386.84480570214,1.00120959988137
"eps[26]",-0.66929166395642,0.0123879275010093,0.465012670748467,-1.61699265050248,-0.985940931947198,-0.650859863349389,-0.384735280473602,0.242119586781304,1409.06901014414,1.00421447021427
"eps[27]",0.116060091202082,0.0113305799731817,0.461928868719995,-0.894664802504355,-0.156550373282083,0.138426314309821,0.413421316212515,0.980801309872324,1662.05705684491,1.00178439717066
"eps[28]",0.11633054325049,0.0116867662899559,0.461067783437351,-0.854666667848467,-0.148023786453406,0.123172091432809,0.401788496485504,1.02978281702715,1556.47029475724,1.0069588268433
"eps[29]",-0.426479525848159,0.0129898907180572,0.457632837617943,-1.31344126988545,-0.72137876330436,-0.434471127763157,-0.158695856207546,0.530505461767988,1241.14740864045,1.0013110782109
"eps[30]",-0.538644998266034,0.01425433871211,0.46424439898056,-1.44615335226398,-0.841757925556123,-0.545955868699143,-0.249444105341723,0.447552402960968,1060.71618819613,1.01083715718208
"eps[31]",0.209936915869028,0.0127478604147862,0.452715954208036,-0.757412726126937,-0.0612369294319957,0.220308113279258,0.514614826689697,1.07043273985127,1261.17978415868,1.00425545663466
"slope",0.0840287133978535,0.0052415332720202,0.0697273047143755,-0.0486608063912951,0.0361093251627061,0.081601550316338,0.128738657179292,0.220289529162774,176.965685268373,1.03192493099863
"N_0",630.592189812807,1.5021693239816,79.940862717113,481.265860488574,586.816985449873,626.835209915019,669.959914986326,817.605529056013,2832.04326504007,1.00166823491288
"sigma_rn",0.376624419796774,0.00262635898274761,0.0551330896804448,0.274952351449651,0.339160816400213,0.375396010708781,0.408398256195697,0.494032883467154,440.673046604143,1.00797737478128
"sigma_wn",0.121500876273119,0.00515089862124729,0.0596866384672691,0.0303819835186101,0.0765938678725053,0.109386800975111,0.155132142128644,0.260885727536245,134.272858913064,1.0109977022472
"N[1]",630.592189812807,1.5021693239816,79.940862717113,481.265860488574,586.816985449873,626.835209915019,669.959914986326,817.605529056013,2832.04326504007,1.00166823491288
"N[2]",733.349762342212,2.82187982675829,87.3343205113188,547.72984065337,685.216093407555,737.70327863104,786.740386293277,898.420082976489,957.839762050828,1.00045680983319
"N[3]",500.575908730226,1.49959692136965,62.616259576715,394.16330350603,464.880789304231,492.655449001046,528.192483672851,646.41271144673,1743.51288820745,1.00180142797981
"N[4]",419.509200005904,3.12210187451033,62.4254953770009,337.464099057047,379.809249576855,403.716970065968,444.98956374221,583.32039521707,399.788092474797,1.00229748634629
"N[5]",795.193116491162,2.79367857675679,93.5439780619835,598.993897761494,736.608841336025,804.994379117124,852.381780446255,977.792665075717,1121.18891359691,1.00242822776815
"N[6]",812.353646661937,2.85229331875656,96.6086078675506,637.136880018275,752.321689245545,810.643660477984,862.34408798667,1013.04738900535,1147.21093684454,1.00620924809088
"N[7]",715.244994432384,5.69743249339283,114.358032486341,569.73198389125,640.032870047445,687.494083618178,761.740990811467,1008.88231595605,402.879318094083,1.00253765494843
"N[8]",1698.9603578672,2.85052424960301,192.54996757841,1329.77303304445,1588.80626942345,1694.87243636005,1796.18626060597,2106.41301724155,4562.86290055208,1.00051397134886
"N[9]",3322.40649951956,10.9131773661878,386.696080777273,2526.90909435909,3091.91303898358,3343.37064372433,3553.81239679656,4089.0336870736,1255.55896587622,1.00431996631903
"N[10]",5243.95016119191,30.9337677067788,665.798978552566,3739.7818802616,4877.66915227947,5317.57110645724,5672.40395793104,6435.52169671047,463.255526717563,1.00731389418917
"N[11]",3965.51971599578,24.9252206718772,545.481530995402,3193.70019370559,3599.08826647881,3856.50716993038,4204.03232517107,5350.02371628583,478.94106720703,1.00370259726494
"N[12]",6592.02329221626,17.5074843400173,795.849394902502,4928.88177254076,6145.0933461262,6623.58390361552,7044.60150215656,8229.28914664767,2066.39949825509,1.0003120059831
"N[13]",7720.32686698641,31.9885238680901,942.210359659681,5776.30886893555,7205.57290098035,7770.81520339826,8288.87938447987,9533.26642290169,867.5756425683,1.00539704571135
"N[14]",6182.29589689087,12.4470860446634,718.834326966729,4871.7944776032,5749.55627722175,6112.94157559093,6542.50194442281,7810.03226378395,3335.20269179495,1.00062995126601
"N[15]",5846.44868128248,10.621917732958,665.421249621056,4517.22229612012,5456.63621435237,5853.99462794965,6181.1273221299,7266.48691498766,3924.52829100888,1.00115201731219
"N[16]",4595.14008201367,15.8761293427555,570.095208064988,3644.53363343387,4257.75954681922,4509.24909405051,4858.05690774578,6020.98390434985,1289.45302169644,1.00167007398127
"N[17]",4753.20037423757,14.2798042571079,588.083597583062,3812.91542130604,4405.39830009984,4662.79863991761,5006.93650186035,6213.63062841768,1696.03036900181,1.00062705248256
"N[18]",5880.7417046674,12.6353326981217,720.395994496649,4674.11405021428,5464.58394502512,5785.08016046216,6187.70635739346,7663.57517705818,3250.64254659069,0.999342017795431
"N[19]",8625.59851024004,15.9758119363265,1014.12165882649,6668.45811252777,8024.94226601146,8580.05684317423,9169.66755651374,10925.1588329315,4029.52855139398,1.00165011413586
"N[20]",12752.0069489173,21.4306544396135,1431.69225958604,9885.98987176476,11921.6503785748,12706.7042275603,13529.6969567335,15844.1378879693,4463.01644251484,1.0005641705044
"N[21]",16659.5593099642,29.0990034991643,1976.31375999111,13003.2178500823,15590.4255106648,16497.2422920462,17607.0086648163,21158.0934494534,4612.70366826066,1.00107292197219
"N[22]",25022.8350107695,120.213791153531,3150.06847237501,18127.7691134811,23246.8375995212,25419.1421151238,27011.2197929556,30624.6566621227,686.643638606287,1.00124700132288
"N[23]",17624.1674085703,37.4220585039226,2100.65841670889,13819.0726131397,16387.0570212415,17456.3582137502,18626.0452813447,22658.2999318169,3151.05171042026,1.00312586129577
"N[24]",16820.6720211282,49.6660561767637,2037.05226451763,12637.9178599696,15679.5719942872,16863.9982082582,17923.9668602877,21192.9207494131,1682.22852452681,1.00110263111364
"N[25]",10936.8672013098,21.0850605238916,1286.61799456966,8541.2920249998,10198.2451626045,10812.9734551312,11574.9192056131,13973.2587221328,3723.48439692449,1.00043103471404
"N[26]",7849.08303488202,20.5216484993613,955.259954803525,6195.57322457013,7280.3934058534,7739.14204389197,8283.03055161097,10157.0533548859,2166.79914293912,1.00076833674288
"N[27]",6659.59894313606,20.3065293485626,826.745822748205,5258.51721644953,6169.43031633034,6550.80274278797,7020.76307415269,8706.72117418689,1657.57280258951,1.00099388594493
"N[28]",7577.95900720294,14.02631478365,880.951347605038,5910.00628605948,7076.5019344863,7532.29234450719,8002.64191816939,9610.58433712724,3944.72457747654,1.0003555893715
"N[29]",8614.50346643206,18.5070969187482,1001.67246437142,6613.76445724927,8037.85434022349,8623.52737685097,9142.1870475871,10683.0714194458,2929.37433358082,0.999760582305283
"N[30]",7989.65580452791,15.0309428350227,915.533171038798,6238.27970680141,7472.03494137681,7950.54331234809,8430.93733304968,10009.2805049524,3710.01548078174,1.00003106293472
"N[31]",7106.28748769587,24.4265475321148,857.962779182531,5661.72970966251,6560.66668936942,6987.44395031752,7538.90551763007,9157.46282284705,1233.70896076465,1.00309012671109
"N[32]",8375.51336497804,15.7636522966615,1047.61028912943,6414.06972579826,7792.01860777171,8334.74372033572,8864.76079679796,10686.0617835929,4416.57710233946,1.00180230687284
"N_all[1]",630.592189812807,1.5021693239816,79.940862717113,481.265860488574,586.816985449873,626.835209915019,669.959914986326,817.605529056013,2832.04326504007,1.00166823491288
"N_all[2]",733.349762342212,2.82187982675829,87.3343205113188,547.72984065337,685.216093407555,737.70327863104,786.740386293277,898.420082976489,957.839762050828,1.00045680983319
"N_all[3]",500.575908730226,1.49959692136965,62.616259576715,394.16330350603,464.880789304231,492.655449001046,528.192483672851,646.41271144673,1743.51288820745,1.00180142797981
"N_all[4]",419.509200005904,3.12210187451033,62.4254953770009,337.464099057047,379.809249576855,403.716970065968,444.98956374221,583.32039521707,399.788092474797,1.00229748634629
"N_all[5]",795.193116491162,2.79367857675679,93.5439780619835,598.993897761494,736.608841336025,804.994379117124,852.381780446255,977.792665075717,1121.18891359691,1.00242822776815
"N_all[6]",812.353646661937,2.85229331875656,96.6086078675506,637.136880018275,752.321689245545,810.643660477984,862.34408798667,1013.04738900535,1147.21093684454,1.00620924809088
"N_all[7]",715.244994432384,5.69743249339283,114.358032486341,569.73198389125,640.032870047445,687.494083618178,761.740990811467,1008.88231595605,402.879318094083,1.00253765494843
"N_all[8]",1698.9603578672,2.85052424960301,192.54996757841,1329.77303304445,1588.80626942345,1694.87243636005,1796.18626060597,2106.41301724155,4562.86290055208,1.00051397134886
"N_all[9]",3322.40649951956,10.9131773661878,386.696080777273,2526.90909435909,3091.91303898358,3343.37064372433,3553.81239679656,4089.0336870736,1255.55896587622,1.00431996631903
"N_all[10]",5243.95016119191,30.9337677067788,665.798978552566,3739.7818802616,4877.66915227947,5317.57110645724,5672.40395793104,6435.52169671047,463.255526717563,1.00731389418917
"N_all[11]",3965.51971599578,24.9252206718772,545.481530995402,3193.70019370559,3599.08826647881,3856.50716993038,4204.03232517107,5350.02371628583,478.94106720703,1.00370259726494
"N_all[12]",6592.02329221626,17.5074843400173,795.849394902502,4928.88177254076,6145.0933461262,6623.58390361552,7044.60150215656,8229.28914664767,2066.39949825509,1.0003120059831
"N_all[13]",7720.32686698641,31.9885238680901,942.210359659681,5776.30886893555,7205.57290098035,7770.81520339826,8288.87938447987,9533.26642290169,867.5756425683,1.00539704571135
"N_all[14]",6182.29589689087,12.4470860446634,718.834326966729,4871.7944776032,5749.55627722175,6112.94157559093,6542.50194442281,7810.03226378395,3335.20269179495,1.00062995126601
"N_all[15]",5846.44868128248,10.621917732958,665.421249621056,4517.22229612012,5456.63621435237,5853.99462794965,6181.1273221299,7266.48691498766,3924.52829100888,1.00115201731219
"N_all[16]",4595.14008201367,15.8761293427555,570.095208064988,3644.53363343387,4257.75954681922,4509.24909405051,4858.05690774578,6020.98390434985,1289.45302169644,1.00167007398127
"N_all[17]",4753.20037423757,14.2798042571079,588.083597583062,3812.91542130604,4405.39830009984,4662.79863991761,5006.93650186035,6213.63062841768,1696.03036900181,1.00062705248256
"N_all[18]",5880.7417046674,12.6353326981217,720.395994496649,4674.11405021428,5464.58394502512,5785.08016046216,6187.70635739346,7663.57517705818,3250.64254659069,0.999342017795431
"N_all[19]",8625.59851024004,15.9758119363265,1014.12165882649,6668.45811252777,8024.94226601146,8580.05684317423,9169.66755651374,10925.1588329315,4029.52855139398,1.00165011413586
"N_all[20]",12752.0069489173,21.4306544396135,1431.69225958604,9885.98987176476,11921.6503785748,12706.7042275603,13529.6969567335,15844.1378879693,4463.01644251484,1.0005641705044
"N_all[21]",16659.5593099642,29.0990034991643,1976.31375999111,13003.2178500823,15590.4255106648,16497.2422920462,17607.0086648163,21158.0934494534,4612.70366826066,1.00107292197219
"N_all[22]",25022.8350107695,120.213791153531,3150.06847237501,18127.7691134811,23246.8375995212,25419.1421151238,27011.2197929556,30624.6566621227,686.643638606287,1.00124700132288
"N_all[23]",17624.1674085703,37.4220585039226,2100.65841670889,13819.0726131397,16387.0570212415,17456.3582137502,18626.0452813447,22658.2999318169,3151.05171042026,1.00312586129577
"N_all[24]",16820.6720211282,49.6660561767637,2037.05226451763,12637.9178599696,15679.5719942872,16863.9982082582,17923.9668602877,21192.9207494131,1682.22852452681,1.00110263111364
"N_all[25]",10936.8672013098,21.0850605238916,1286.61799456966,8541.2920249998,10198.2451626045,10812.9734551312,11574.9192056131,13973.2587221328,3723.48439692449,1.00043103471404
"N_all[26]",7849.08303488202,20.5216484993613,955.259954803525,6195.57322457013,7280.3934058534,7739.14204389197,8283.03055161097,10157.0533548859,2166.79914293912,1.00076833674288
"N_all[27]",6659.59894313606,20.3065293485626,826.745822748205,5258.51721644953,6169.43031633034,6550.80274278797,7020.76307415269,8706.72117418689,1657.57280258951,1.00099388594493
"N_all[28]",7577.95900720294,14.02631478365,880.951347605038,5910.00628605948,7076.5019344863,7532.29234450719,8002.64191816939,9610.58433712724,3944.72457747654,1.0003555893715
"N_all[29]",8614.50346643206,18.5070969187482,1001.67246437142,6613.76445724927,8037.85434022349,8623.52737685097,9142.1870475871,10683.0714194458,2929.37433358082,0.999760582305283
"N_all[30]",7989.65580452791,15.0309428350227,915.533171038798,6238.27970680141,7472.03494137681,7950.54331234809,8430.93733304968,10009.2805049524,3710.01548078174,1.00003106293472
"N_all[31]",7106.28748769587,24.4265475321148,857.962779182531,5661.72970966251,6560.66668936942,6987.44395031752,7538.90551763007,9157.46282284705,1233.70896076465,1.00309012671109
"N_all[32]",8375.51336497804,15.7636522966615,1047.61028912943,6414.06972579826,7792.01860777171,8334.74372033572,8864.76079679796,10686.0617835929,4416.57710233946,1.00180230687284
"N_all[33]",9753.42391334425,71.3662316266696,4254.82813789891,3888.40899743367,6773.27971706491,8917.77311370654,11882.9323789181,19854.45127594,3554.49997027018,1.00011447005194
"N_all[34]",11622.3934094297,129.300457382735,7318.87149557544,3195.35739561895,6612.09828744728,9890.64656459078,14544.6073466631,30959.2992305191,3203.96764333535,1.0001136293445
"eps_all[1]",0,NA,0,0,0,0,0,0,NA,NA
"eps_all[2]",0.173397546020722,0.0181595242727568,0.48509313337529,-0.858243531340355,-0.112224743101669,0.220243556821995,0.491383439250292,1.05178075413995,713.577783197161,1.00777308631685
"eps_all[3]",-1.24512183016396,0.0152195229620968,0.498936445099382,-2.16051211850012,-1.546034629769,-1.28216185407564,-0.959724535091719,-0.176751848115571,1074.70279008771,1.00558734599292
"eps_all[4]",-0.700182795861668,0.0178281397633359,0.463461071217164,-1.56252969449731,-1.01351773213331,-0.716598667882764,-0.427109740522579,0.277544911087483,675.794203012545,1.00652451236808
"eps_all[5]",1.48658300495068,0.0202819318815377,0.522691489052747,0.365457722446688,1.18912577509074,1.51076223783291,1.84142228519491,2.41431526688038,664.159237751225,1.00363555724976
"eps_all[6]",-0.157425106144435,0.0315364891498611,0.480189130568258,-1.01088677362519,-0.458889507362267,-0.16278492226582,0.101190841614685,0.919485577881837,231.845122745127,1.01963494014862
"eps_all[7]",-0.564143085366654,0.0209263844086552,0.493397873669919,-1.36666471722796,-0.885856183708984,-0.626335849878691,-0.296411276243165,0.596364554314079,555.912128607138,1.0040197683226
"eps_all[8]",2.11063713170322,0.0216300032598361,0.541163614229478,0.953993991032744,1.75270900362304,2.12640540842626,2.47127274126579,3.13486660300308,625.956289397953,1.00731355190202
"eps_all[9]",1.58424590709509,0.0118828301819902,0.479718662948409,0.67946130752923,1.28248980723947,1.56410907559714,1.88365938521436,2.60143652397455,1629.79675147705,1.00621008979561
"eps_all[10]",0.999849986604998,0.0155131193740381,0.481111472843535,0.0399069477153609,0.697459585957768,0.987655081010576,1.28339484107187,1.98275242353749,961.818570532031,1.00800689709037
"eps_all[11]",-0.956093607245793,0.0406661235677946,0.560745398656223,-1.8213641524902,-1.33231798423013,-1.00611546016511,-0.663364753484037,0.394585948777922,190.136670723378,1.01597601981495
"eps_all[12]",1.13528692761176,0.0188772785189908,0.508300426700289,0.00155429887830334,0.861289710144768,1.1563849670353,1.46631936028497,2.05019555429895,725.040358107926,1.00440749187443
"eps_all[13]",0.196550414298642,0.0095387901213531,0.45428193613591,-0.73255557333734,-0.0636745145071323,0.177288797337212,0.45174656865953,1.15366078537755,2268.11123371221,0.999535683044197
"eps_all[14]",-0.81317347508769,0.025816745941051,0.475731334900115,-1.67465140715495,-1.11598949242565,-0.830917176125773,-0.541361628839955,0.250419175792059,339.563118950673,1.01501475255142
"eps_all[15]",-0.383622345893493,0.0100817144164588,0.459008196483245,-1.38458611675977,-0.647295105041006,-0.363196786304999,-0.0946334902488009,0.465975029311491,2072.87015866911,0.99929592186121
"eps_all[16]",-0.871361061073966,0.0192089628238996,0.464227404050553,-1.74559059785293,-1.17796156857752,-0.874459581231396,-0.597475575939934,0.153046108042259,584.054959130935,1.01101846281513
"eps_all[17]",-0.133053724863962,0.00964503860087705,0.446575279517911,-1.04846803725214,-0.404442114963679,-0.148893710434603,0.14147454657129,0.780849517230162,2143.78593503154,1.00260200134367
"eps_all[18]",0.347448947620485,0.0101182527669724,0.449010144445344,-0.573192651989445,0.0613383104743046,0.337534105793299,0.609937567522537,1.30331489730671,1969.25182804139,1.00420367379076
"eps_all[19]",0.807650518338352,0.0102121891434769,0.470488102723302,-0.184535835839114,0.533518755993566,0.793129568133878,1.08148720931428,1.80871422641804,2122.558124453,1.00207978939364
"eps_all[20]",0.832160993126598,0.023726520034374,0.476245568416592,-0.0657405713168337,0.529578647061383,0.832572354789099,1.11690215869297,1.80726255546303,402.896787936895,1.01224764423508
"eps_all[21]",0.49909438101286,0.0162931450073167,0.463955777651627,-0.392334412109585,0.187874390105924,0.476861077956585,0.771407532154166,1.52940978935558,810.855243230266,1.00922968325639
"eps_all[22]",0.856382508964511,0.0147903988819652,0.481186347879885,-0.217144743022819,0.595578104789331,0.88712409372457,1.16686556101798,1.73466843146419,1058.44140593083,1.00230207273652
"eps_all[23]",-1.15549303234215,0.0165162576916273,0.482055576584802,-2.06074537686089,-1.46236689560914,-1.17788144290674,-0.875310436791202,-0.10532989383973,851.865288423552,1.00305223779263
"eps_all[24]",-0.364639429711324,0.0192301818291086,0.500588067086442,-1.51645720073912,-0.649340203144244,-0.322453923549361,-0.0368139689576579,0.506832029350614,677.632464287851,1.0064767393709
"eps_all[25]",-1.38152815564172,0.0117977147714571,0.484939879092324,-2.36171339289616,-1.68766975957072,-1.37428145070505,-1.08467138178314,-0.368581565490822,1689.58488349614,1.0028065218092
"eps_all[26]",-1.12473081901788,0.00970900267251693,0.474336682190182,-2.13003399279489,-1.4063022958709,-1.10674431339096,-0.845909148145089,-0.178713651059612,2386.84480570214,1.00120959988137
"eps_all[27]",-0.66929166395642,0.0123879275010093,0.465012670748467,-1.61699265050248,-0.985940931947198,-0.650859863349389,-0.384735280473602,0.242119586781304,1409.06901014414,1.00421447021427
"eps_all[28]",0.116060091202082,0.0113305799731817,0.461928868719995,-0.894664802504355,-0.156550373282083,0.138426314309821,0.413421316212515,0.980801309872324,1662.05705684491,1.00178439717066
"eps_all[29]",0.11633054325049,0.0116867662899559,0.461067783437351,-0.854666667848467,-0.148023786453406,0.123172091432809,0.401788496485504,1.02978281702715,1556.47029475724,1.0069588268433
"eps_all[30]",-0.426479525848159,0.0129898907180572,0.457632837617943,-1.31344126988545,-0.72137876330436,-0.434471127763157,-0.158695856207546,0.530505461767988,1241.14740864045,1.0013110782109
"eps_all[31]",-0.538644998266034,0.01425433871211,0.46424439898056,-1.44615335226398,-0.841757925556123,-0.545955868699143,-0.249444105341723,0.447552402960968,1060.71618819613,1.01083715718208
"eps_all[32]",0.209936915869028,0.0127478604147862,0.452715954208036,-0.757412726126937,-0.0612369294319957,0.220308113279258,0.514614826689697,1.07043273985127,1261.17978415868,1.00425545663466
"eps_all[33]",-0.0228221020773166,0.0167871704629779,1.01564501304778,-1.99354821559242,-0.712442699586892,-0.0358663044967702,0.678015296821619,1.9642197317747,3660.40280903534,0.999869695264338
"eps_all[34]",0.030385259401271,0.0160813564534868,1.01128253807661,-1.99701255574146,-0.656040792204787,0.0497322772857106,0.707170669021891,1.961730234062,3954.57357192443,1.00012174790694
"lp__",5.25381241094604,1.73486097599854,16.6892245536066,-23.0811038944527,-7.1173433761108,4.56888166320815,16.1372935088044,44.084559494412,92.5428691614705,1.0198493056773
